first_name,last_name,position,injury_status,game_date,slate,team,opp,confirmed_order,starting_pitcher,hand,spread,over_under,implied_team_score,salary,L5_ppg_floor,L5_ppg_avg,L5_ppg_max,ppg_projection,value_projection,ppg_actual,value_actual
Spencer,Strider,P,,2023-08-01,,ATL,LAA,,YES,R,-1.5,9,5.5,12500,18.7,27.4,36.7,24.0,1.92
Lance,Lynn,P,,2023-08-01,,LAD,OAK,,YES,R,,,,7900,0.1,14.7,36.6,19.3,2.44
Zac,Gallen,P,,2023-08-01,,ARI,SF,,YES,R,+1.5,7.5,3.8,10500,9.9,18.9,28.2,18.9,1.80
Pablo,Lopez,P,,2023-08-01,,MIN,STL,,YES,R,-1.5,8.5,4.5,10800,5.1,24.0,50.9,17.7,1.64
Carlos,Rodon,P,,2023-08-01,,NYY,TB,,YES,L,+1.5,8,4,9000,-2.2,14.2,36.3,17.3,1.92
Framber,Valdez,P,,2023-08-01,,HOU,CLE,,YES,L,-1.5,8.5,4.8,11100,-8.8,10.8,24.3,17.0,1.53
Freddy,Peralta,P,,2023-08-01,,MIL,WAS,,YES,R,-1.5,8.5,4.7,9400,3.9,21.7,37.1,15.9,1.69
Zach,Eflin,P,,2023-08-01,,TB,NYY,,YES,R,-1.5,8,4,10300,-7.5,14.6,34.0,15.7,1.52
Bryce,Miller,P,,2023-08-01,,SEA,BOS,,YES,R,-1.5,8,4.1,9200,5.8,13.7,18.5,15.6,1.70
Justin,Steele,P,,2023-08-01,,CHC,CIN,,YES,L,-1.5,8.5,4.7,9100,6.9,18.5,27.5,15.6,1.71
Johan,Oviedo,P,,2023-08-01,,PIT,DET,,YES,R,-1.5,9,4.7,6200,-10.0,11.6,31.4,15.3,2.47
Alex,Cobb,P,,2023-08-01,,SF,ARI,,YES,R,-1.5,7.5,3.8,8200,-8.6,15.2,29.1,14.9,1.82
Miles,Mikolas,P,,2023-08-01,,STL,MIN,,YES,R,+1.5,8.5,4.1,6900,0.1,9.9,29.4,14.7,2.13
Andrew,Heaney,P,,2023-08-01,,TEX,CWS,,YES,L,-1.5,9,5.3,6600,-4.7,11.0,24.9,14.6,2.21
Kyle,Bradish,P,,2023-08-01,,BAL,TOR,,YES,R,+1.5,8.5,4.2,8700,4.6,19.7,33.6,14.6,1.68
Brayan,Bello,P,,2023-08-01,,BOS,SEA,,YES,R,+1.5,8,3.9,8900,-1.2,13.3,22.0,14.2,1.60
Ben,Lively,P,,2023-08-01,,CIN,CHC,,YES,R,+1.5,8.5,3.8,7200,8.8,11.8,16.1,13.7,1.90
Fernando,Tatis Jr.,OF,,2023-08-01,,SD,COL,2,,R,-1.5,12.5,7.1,6500,0.0,6.6,19.0,13.3,2.05
Juan,Soto,OF,,2023-08-01,,SD,COL,3,,L,-1.5,12.5,7.1,6300,3.0,8.4,13.0,12.8,2.03
Mookie,Betts,2B,DTD,2023-08-01,,LAD,OAK,1,,R,,,,6100,7.0,7.8,9.0,12.7,2.08
Hyun Jin,Ryu,P,,2023-08-01,,TOR,BAL,,YES,L,-1.5,8.5,4.3,7000,-2.6,9.0,19.9,12.6,1.80
Jose,Quintana,P,,2023-08-01,,NYM,KC,,YES,L,-1.5,10,5.5,6100,5.6,12.9,19.7,12.6,2.07
Josiah,Gray,P,,2023-08-01,,WAS,MIL,,YES,R,+1.5,8.5,3.8,6500,0.7,15.6,27.3,11.8,1.82
Matt,Manning,P,,2023-08-01,,DET,PIT,,YES,R,+1.5,9,4.3,6900,2.5,12.2,26.2,11.7,1.70
Manny,Machado,3B,,2023-08-01,,SD,COL,4,,R,-1.5,12.5,7.1,5700,6.0,7.2,9.0,11.5,2.02
Christian,Yelich,OF,,2023-08-01,,MIL,WAS,1,,L,-1.5,8.5,4.7,5600,0.0,8.2,20.0,11.4,2.04
Ha-Seong,Kim,2B,,2023-08-01,,SD,COL,1,,R,-1.5,12.5,7.1,4700,7.0,10.4,16.0,11.4,2.43
Gavin,Williams,P,,2023-08-01,,CLE,HOU,,YES,R,+1.5,8.5,3.7,6700,4.3,11.3,18.3,11.0,1.64
Freddie,Freeman,1B,,2023-08-01,,LAD,OAK,2,,L,,,,6200,2.0,9.6,18.0,10.9,1.76
Ronald,Acuna Jr.,OF,,2023-08-01,,ATL,LAA,1,,R,-1.5,9,5.5,6700,2.0,14.6,31.0,10.8,1.61
Patrick,Sandoval,P,,2023-08-01,,LAA,ATL,,YES,L,+1.5,9,3.5,7100,4.7,14.3,29.0,10.7,1.51
Will,Smith,C,DTD,2023-08-01,,LAD,OAK,3,,R,,,,5400,0.0,2.8,10.0,10.4,1.93
Kyle,Tucker,OF,,2023-08-01,,HOU,CLE,3,,L,-1.5,8.5,4.8,5700,0.0,6.6,17.0,10.1,1.77
Luis,Robert Jr.,OF,,2023-08-01,,CWS,TEX,3,,R,+1.5,9,3.7,6000,2.0,9.4,17.0,10.1,1.68
Jake,Cronenworth,1B,,2023-08-01,,SD,COL,6,,L,-1.5,12.5,7.1,4300,2.0,9.6,15.0,10.0,2.33
Xander,Bogaerts,SS,,2023-08-01,,SD,COL,5,,R,-1.5,12.5,7.1,5000,0.0,5.0,9.0,10.0,2.00
Ryan,McMahon,3B,,2023-08-01,,COL,SD,3,,L,+1.5,12.5,5.4,4500,4.0,12.2,21.0,10.0,2.22
Marcus,Semien,2B,,2023-08-01,,TEX,CWS,1,,R,-1.5,9,5.3,6000,2.0,9.8,28.0,9.9,1.65
Max,Muncy,3B,,2023-08-01,,LAD,OAK,5,,L,,,,4800,0.0,8.0,30.0,9.9,2.06
Aaron,Judge,OF,,2023-08-01,,NYY,TB,2,,R,+1.5,8,4,6400,0.0,10.4,24.0,9.8,1.53
Adolis,Garcia,OF,,2023-08-01,,TEX,CWS,4,,R,-1.5,9,5.3,5500,3.0,7.8,20.0,9.7,1.76
Yordan,Alvarez,OF,,2023-08-01,,HOU,CLE,5,,L,-1.5,8.5,4.8,6200,3.0,12.2,24.0,9.7,1.56
Matt,McLain,2B,,2023-08-01,,CIN,CHC,2,,R,+1.5,8.5,3.8,5800,0.0,7.8,18.0,9.7,1.67
Ozzie,Albies,2B,,2023-08-01,,ATL,LAA,2,,S,-1.5,9,5.5,5600,2.0,9.4,21.0,9.7,1.73
Francisco,Lindor,SS,,2023-08-01,,NYM,KC,3,,S,-1.5,10,5.5,5200,0.0,11.2,26.0,9.6,1.85
Corbin,Carroll,OF,,2023-08-01,,ARI,SF,3,,L,+1.5,7.5,3.8,5900,0.0,11.0,24.0,9.6,1.63
Zack,Gelof,2B,,2023-08-01,,OAK,LAD,2,,R,,,,4100,0.0,10.8,31.0,9.6,2.34
Bobby,Witt Jr.,SS,,2023-08-01,,KC,NYM,2,,R,+1.5,10,4.5,5300,0.0,16.2,42.0,9.5,1.79
Brandon,Nimmo,OF,,2023-08-01,,NYM,KC,1,,L,-1.5,10,5.5,4600,2.0,3.6,7.0,9.3,2.02
William,Contreras,C,,2023-08-01,,MIL,WAS,2,,R,-1.5,8.5,4.7,5100,0.0,11.0,25.0,9.3,1.82
Pete,Alonso,1B,,2023-08-01,,NYM,KC,4,,R,-1.5,10,5.5,4800,0.0,10.0,34.0,9.3,1.94
Maikel,Garcia,3B,,2023-08-01,,KC,NYM,1,,R,+1.5,10,4.5,3600,0.0,7.4,14.0,9.1,2.53
Shohei,Ohtani,1B,,2023-08-01,,LAA,ATL,2,,L,+1.5,9,3.5,6600,9.0,15.4,30.0,9.1,1.38
Chris,Taylor,3B,,2023-08-01,,LAD,OAK,6,,R,,,,3000,0.0,4.8,9.0,9.1,3.03
Trent,Grisham,OF,,2023-08-01,,SD,COL,9,,L,-1.5,12.5,7.1,3300,0.0,6.8,14.0,9.0,2.73
Julio,Rodriguez,OF,,2023-08-01,,SEA,BOS,2,,R,-1.5,8,4.1,5100,3.0,12.4,28.0,9.0,1.76
Austin,Riley,3B,,2023-08-01,,ATL,LAA,3,,R,-1.5,9,5.5,6100,3.0,11.4,20.0,9.0,1.48
Jose,Altuve,2B,,2023-08-01,,HOU,CLE,1,,R,-1.5,8.5,4.8,5700,0.0,12.6,23.0,9.0,1.58
Nathaniel,Lowe,1B,,2023-08-01,,TEX,CWS,3,,L,-1.5,9,5.3,4100,0.0,9.8,27.0,8.9,2.17
Elly,De La Cruz,3B,,2023-08-01,,CIN,CHC,4,,S,+1.5,8.5,3.8,6200,0.0,9.4,25.0,8.9,1.44
Jose,Ramirez,3B,,2023-08-01,,CLE,HOU,3,,S,+1.5,8.5,3.7,5800,0.0,11.0,32.0,8.9,1.53
J.D.,Martinez,OF,DTD,2023-08-01,,LAD,OAK,4,,R,,,,5200,0.0,10.6,27.0,8.9,1.71
Jake,Burger,2B,,2023-08-01,,CWS,TEX,8,,R,+1.5,9,3.7,4000,2.0,14.0,32.0,8.9,2.23
Anthony,Santander,OF,,2023-08-01,,BAL,TOR,3,,S,+1.5,8.5,4.2,4200,0.0,7.6,14.0,8.8,2.10
Carlos,Santana,1B,,2023-08-01,,MIL,WAS,3,,S,-1.5,8.5,4.7,3800,2.0,7.8,16.0,8.8,2.32
Edouard,Julien,2B,,2023-08-01,,MIN,STL,2,,L,-1.5,8.5,4.5,3300,0.0,7.6,14.0,8.8,2.67
Masataka,Yoshida,OF,,2023-08-01,,BOS,SEA,3,,L,+1.5,8,3.9,4800,0.0,0.8,4.0,8.8,1.83
Travis,Jankowski,OF,,2023-08-01,,TEX,CWS,2,,L,-1.5,9,5.3,3000,0.0,5.8,10.0,8.8,2.93
Amed,Rosario,SS,,2023-08-01,,LAD,OAK,7,,R,,,,3800,0.0,8.0,15.0,8.8,2.32
Bo,Bichette,SS,DTD,2023-08-01,,TOR,BAL,2,,R,-1.5,8.5,4.3,5600,6.0,9.2,15.0,8.7,1.55
James,Outman,OF,,2023-08-01,,LAD,OAK,8,,L,,,,3400,2.0,9.2,24.0,8.7,2.56
Seth,Brown,1B,,2023-08-01,,OAK,LAD,4,,L,,,,3400,0.0,5.2,19.0,8.7,2.56
Zack,Greinke,P,,2023-08-01,,KC,NYM,,YES,R,+1.5,10,4.5,5900,-4.6,1.8,5.9,8.7,1.47
Eloy,Jimenez,OF,,2023-08-01,,CWS,TEX,4,,R,+1.5,9,3.7,4100,3.0,8.2,16.0,8.7,2.12
Ian,Happ,OF,,2023-08-01,,CHC,CIN,3,,S,-1.5,8.5,4.7,3500,2.0,12.0,23.0,8.7,2.49
Ezequiel,Tovar,SS,,2023-08-01,,COL,SD,2,,R,+1.5,12.5,5.4,4200,0.0,3.0,7.0,8.6,2.05
Vladimir,Guerrero Jr.,1B,,2023-08-01,,TOR,BAL,4,,R,-1.5,8.5,4.3,5500,2.0,5.6,10.0,8.6,1.56
Jeff,McNeil,2B,,2023-08-01,,NYM,KC,2,,L,-1.5,10,5.5,3800,0.0,6.4,14.0,8.6,2.26
Matt,Olson,1B,,2023-08-01,,ATL,LAA,5,,L,-1.5,9,5.5,6300,3.0,16.8,34.0,8.6,1.37
Byron,Buxton,OF,,2023-08-01,,MIN,STL,5,,R,-1.5,8.5,4.5,4900,5.0,9.8,25.0,8.6,1.76
Jack,Suwinski,OF,,2023-08-01,,PIT,DET,1,,L,-1.5,9,4.7,3500,0.0,6.4,22.0,8.5,2.43
Tim,Anderson,SS,,2023-08-01,,CWS,TEX,2,,R,+1.5,9,3.7,3900,0.0,7.8,20.0,8.5,2.18
Bryan,Reynolds,OF,,2023-08-01,,PIT,DET,2,,S,-1.5,9,4.7,4300,0.0,9.6,21.0,8.5,1.98
Andrew,Vaughn,1B,,2023-08-01,,CWS,TEX,6,,R,+1.5,9,3.7,3400,3.0,8.2,21.0,8.5,2.50
Randy,Arozarena,OF,,2023-08-01,,TB,NYY,4,,R,-1.5,8,4,5200,0.0,3.4,13.0,8.4,1.62
Salvador,Perez,C,,2023-08-01,,KC,NYM,3,,R,+1.5,10,4.5,4400,0.0,5.0,12.0,8.4,1.91
Tommy,Pham,OF,,2023-08-01,,NYM,KC,6,,R,-1.5,10,5.5,3000,0.0,4.0,17.0,8.4,2.80
Wander,Franco,SS,,2023-08-01,,TB,NYY,2,,S,-1.5,8,4,5500,0.0,12.4,24.0,8.4,1.53
Jesse,Scholtens,P,,2023-08-01,,CWS,TEX,,YES,R,+1.5,9,3.7,5600,-1.4,3.2,5.7,8.4,1.50
Sean,Murphy,C,,2023-08-01,,ATL,LAA,4,,R,-1.5,9,5.5,5500,0.0,3.2,7.0,8.4,1.53
Rafael,Devers,3B,,2023-08-01,,BOS,SEA,4,,L,+1.5,8,3.9,5000,0.0,6.0,14.0,8.4,1.68
Ketel,Marte,2B,,2023-08-01,,ARI,SF,2,,S,+1.5,7.5,3.8,5500,3.0,6.8,11.0,8.3,1.51
Gary,Sanchez,C,,2023-08-01,,SD,COL,8,,R,-1.5,12.5,7.1,3900,0.0,9.0,28.0,8.3,2.13
Andres,Gimenez,2B,,2023-08-01,,CLE,HOU,6,,L,+1.5,8.5,3.7,4200,0.0,5.8,21.0,8.3,1.98
Austin,Hays,OF,,2023-08-01,,BAL,TOR,1,,R,+1.5,8.5,4.2,3300,0.0,2.8,8.0,8.2,2.48
JJ,Bleday,OF,,2023-08-01,,OAK,LAD,3,,L,,,,3000,0.0,5.0,11.0,8.2,2.73
Justin,Turner,1B,,2023-08-01,,BOS,SEA,2,,R,+1.5,8,3.9,4700,0.0,9.4,16.0,8.2,1.74
Gunnar,Henderson,3B,,2023-08-01,,BAL,TOR,8,,L,+1.5,8.5,4.2,4900,0.0,8.0,21.0,8.1,1.65
Ryan,Mountcastle,1B,,2023-08-01,,BAL,TOR,4,,R,+1.5,8.5,4.2,3600,2.0,9.8,16.0,8.1,2.25
Whit,Merrifield,2B,,2023-08-01,,TOR,BAL,1,,R,-1.5,8.5,4.3,4600,5.0,16.2,27.0,8.1,1.76
TJ,Friedl,OF,,2023-08-01,,CIN,CHC,9,,L,+1.5,8.5,3.8,4300,5.0,8.8,14.0,8.1,1.88
Luis,Campusano,C,,2023-08-01,,SD,COL,,,R,-1.5,12.5,7.1,3300,0.0,5.2,10.0,8.1,2.45
Spencer,Steer,3B,,2023-08-01,,CIN,CHC,5,,R,+1.5,8.5,3.8,4700,2.0,6.8,17.0,8.0,1.70
Josh,Jung,3B,,2023-08-01,,TEX,CWS,5,,R,-1.5,9,5.3,4600,0.0,4.2,15.0,8.0,1.74
Jorge,Polanco,2B,,2023-08-01,,MIN,STL,3,,S,-1.5,8.5,4.5,4400,0.0,4.4,11.0,8.0,1.82
Mitch,Garver,C,,2023-08-01,,TEX,CWS,7,,R,-1.5,9,5.3,3300,2.0,8.4,18.0,8.0,2.42
Paul,Goldschmidt,1B,,2023-08-01,,STL,MIN,2,,R,+1.5,8.5,4.1,5600,0.0,6.0,18.0,8.0,1.43
Jarren,Duran,OF,,2023-08-01,,BOS,SEA,1,,L,+1.5,8,3.9,4000,0.0,7.4,17.0,8.0,2.00
Josh,Naylor,1B,,2023-08-01,,CLE,HOU,4,,L,+1.5,8.5,3.7,4600,2.0,7.8,20.0,8.0,1.74
Riley,Greene,OF,,2023-08-01,,DET,PIT,2,,L,+1.5,9,4.3,4500,0.0,8.6,15.0,8.0,1.78
Willy,Adames,SS,,2023-08-01,,MIL,WAS,5,,R,-1.5,8.5,4.7,4900,0.0,2.8,6.0,8.0,1.63
Yandy,Diaz,1B,,2023-08-01,,TB,NYY,1,,R,-1.5,8,4,4500,0.0,7.4,16.0,8.0,1.78
Sal,Frelick,OF,,2023-08-01,,MIL,WAS,4,,L,-1.5,8.5,4.7,3900,2.0,5.6,16.0,8.0,2.05
Cody,Bellinger,1B,,2023-08-01,,CHC,CIN,4,,L,-1.5,8.5,4.7,5200,2.0,6.0,11.0,8.0,1.54
Ramon,Laureano,OF,,2023-08-01,,OAK,LAD,5,,R,,,,2700,0.0,8.4,19.0,8.0,2.96
Nolan,Gorman,2B,DTD,2023-08-01,,STL,MIN,7,,L,+1.5,8.5,4.1,3900,0.0,9.8,33.0,7.9,2.03
Christopher,Morel,2B,,2023-08-01,,CHC,CIN,9,,R,-1.5,8.5,4.7,5000,3.0,11.6,23.0,7.9,1.58
Elehuris,Montero,1B,,2023-08-01,,COL,SD,7,,R,+1.5,12.5,5.4,3300,0.0,9.0,16.0,7.9,2.39
Nico,Hoerner,2B,,2023-08-01,,CHC,CIN,2,,R,-1.5,8.5,4.7,4800,0.0,4.8,14.0,7.9,1.65
Carlos,Correa,SS,,2023-08-01,,MIN,STL,1,,R,-1.5,8.5,4.5,4700,0.0,4.4,9.0,7.8,1.66
Ken,Waldichuk,P,,2023-08-01,,OAK,LAD,,,L,,,,5400,1.3,9.6,19.7,7.8,1.44
Adley,Rutschman,C,,2023-08-01,,BAL,TOR,2,,S,+1.5,8.5,4.2,5000,0.0,8.8,18.0,7.8,1.56
Francisco,Alvarez,C,,2023-08-01,,NYM,KC,8,,R,-1.5,10,5.5,4200,0.0,5.0,14.0,7.8,1.86
Kerry,Carpenter,OF,,2023-08-01,,DET,PIT,4,,L,+1.5,9,4.3,3600,0.0,3.8,9.0,7.8,2.17
Lars,Nootbaar,OF,,2023-08-01,,STL,MIN,3,,L,+1.5,8.5,4.1,4200,4.0,14.0,28.0,7.8,1.86
Jake,McCarthy,OF,,2023-08-01,,ARI,SF,7,,L,+1.5,7.5,3.8,3000,0.0,6.6,16.0,7.7,2.57
Zach,McKinstry,3B,,2023-08-01,,DET,PIT,1,,L,+1.5,9,4.3,3800,0.0,3.6,12.0,7.7,2.03
Spencer,Torkelson,1B,,2023-08-01,,DET,PIT,3,,R,+1.5,9,4.3,4000,0.0,5.4,12.0,7.7,1.93
Marcell,Ozuna,OF,,2023-08-01,,ATL,LAA,6,,R,-1.5,9,5.5,4200,0.0,16.6,39.0,7.7,1.83
Jurickson,Profar,OF,,2023-08-01,,COL,SD,1,,S,+1.5,12.5,5.4,3900,2.0,6.0,18.0,7.7,1.97
Danny,Jansen,C,,2023-08-01,,TOR,BAL,8,,R,-1.5,8.5,4.3,3200,0.0,7.0,14.0,7.7,2.41
Max,Kepler,OF,,2023-08-01,,MIN,STL,4,,L,-1.5,8.5,4.5,3100,0.0,8.4,23.0,7.6,2.45
Elias,Diaz,C,,2023-08-01,,COL,SD,4,,R,+1.5,12.5,5.4,4500,2.0,7.6,15.0,7.6,1.69
Alex,Bregman,3B,,2023-08-01,,HOU,CLE,4,,R,-1.5,8.5,4.8,5300,0.0,10.8,22.0,7.6,1.43
Cal,Raleigh,C,,2023-08-01,,SEA,BOS,4,,S,-1.5,8,4.1,4300,0.0,12.2,28.0,7.6,1.77
Yoan,Moncada,3B,,2023-08-01,,CWS,TEX,5,,S,+1.5,9,3.7,3400,2.0,4.0,9.0,7.6,2.24
Lane,Thomas,OF,,2023-08-01,,WAS,MIL,2,,R,+1.5,8.5,3.8,4500,0.0,3.4,12.0,7.6,1.69
Freddy,Fermin,C,,2023-08-01,,KC,NYM,,,R,+1.5,10,4.5,2800,3.0,12.4,19.0,7.5,2.68
Dansby,Swanson,SS,,2023-08-01,,CHC,CIN,6,,R,-1.5,8.5,4.7,4600,0.0,6.8,16.0,7.5,1.63
Mike,Tauchman,OF,,2023-08-01,,CHC,CIN,1,,L,-1.5,8.5,4.7,3200,0.0,8.0,22.0,7.5,2.34
Jordan,Westburg,2B,,2023-08-01,,BAL,TOR,5,,R,+1.5,8.5,4.2,2800,0.0,6.2,14.0,7.5,2.68
Brendan,Donovan,2B,,2023-08-01,,STL,MIN,1,,L,+1.5,8.5,4.1,3400,0.0,5.4,12.0,7.5,2.21
Matt,Chapman,3B,,2023-08-01,,TOR,BAL,6,,R,-1.5,8.5,4.3,5100,2.0,7.2,14.0,7.5,1.47
Brandon,Belt,1B,,2023-08-01,,TOR,BAL,3,,L,-1.5,8.5,4.3,3000,0.0,3.2,5.0,7.5,2.50
Yasmani,Grandal,1B,,2023-08-01,,CWS,TEX,7,,S,+1.5,9,3.7,2800,0.0,4.6,10.0,7.5,2.68
Daniel,Vogelbach,1B,,2023-08-01,,NYM,KC,5,,L,-1.5,10,5.5,2400,0.0,5.2,14.0,7.5,3.13
Peter,Lambert,P,,2023-08-01,,COL,SD,,YES,R,+1.5,12.5,5.4,5100,-11.4,6.9,18.9,7.5,1.47
Leody,Taveras,OF,,2023-08-01,,TEX,CWS,9,,S,-1.5,9,5.3,3100,0.0,6.4,16.0,7.4,2.39
J.P.,Crawford,SS,,2023-08-01,,SEA,BOS,1,,L,-1.5,8,4.1,3500,7.0,12.6,27.0,7.4,2.11
Andruw,Monasterio,3B,,2023-08-01,,MIL,WAS,6,,R,-1.5,8.5,4.7,2600,0.0,6.8,14.0,7.4,2.85
Geraldo,Perdomo,SS,,2023-08-01,,ARI,SF,1,,S,+1.5,7.5,3.8,4100,0.0,6.6,13.0,7.4,1.80
Shea,Langeliers,C,,2023-08-01,,OAK,LAD,7,,R,,,,3100,0.0,5.6,19.0,7.4,2.39
Willi,Castro,3B,,2023-08-01,,MIN,STL,7,,S,-1.5,8.5,4.5,2500,5.0,11.0,24.0,7.4,2.96
George,Springer,OF,,2023-08-01,,TOR,BAL,5,,R,-1.5,8.5,4.3,5200,0.0,1.2,4.0,7.4,1.42
Chas,McCormick,OF,,2023-08-01,,HOU,CLE,7,,R,-1.5,8.5,4.8,4100,3.0,8.6,24.0,7.4,1.80
Harold,Ramirez,OF,,2023-08-01,,TB,NYY,3,,R,-1.5,8,4,3000,0.0,4.0,6.0,7.4,2.47
Andrew,McCutchen,OF,,2023-08-01,,PIT,DET,3,,R,-1.5,9,4.7,3600,2.0,5.6,16.0,7.3,2.03
Matt,Wallner,OF,,2023-08-01,,MIN,STL,6,,L,-1.5,8.5,4.5,2400,2.0,12.4,28.0,7.3,3.04
MJ,Melendez,OF,,2023-08-01,,KC,NYM,6,,L,+1.5,10,4.5,2900,0.0,6.0,19.0,7.3,2.52
CJ,Abrams,SS,,2023-08-01,,WAS,MIL,1,,L,+1.5,8.5,3.8,4000,0.0,11.2,25.0,7.3,1.83
Christian,Walker,1B,,2023-08-01,,ARI,SF,4,,R,+1.5,7.5,3.8,4800,0.0,8.2,24.0,7.3,1.52
Andrew,Benintendi,OF,,2023-08-01,,CWS,TEX,1,,L,+1.5,9,3.7,3000,0.0,4.8,14.0,7.3,2.43
Brenton,Doyle,OF,,2023-08-01,,COL,SD,9,,R,+1.5,12.5,5.4,2800,0.0,0.8,4.0,7.3,2.61
Tony,Kemp,OF,,2023-08-01,,OAK,LAD,1,,L,,,,3800,0.0,7.4,14.0,7.3,1.92
Nolan,Arenado,3B,,2023-08-01,,STL,MIN,4,,R,+1.5,8.5,4.1,5200,0.0,1.4,5.0,7.3,1.40
Jeremy,Pena,SS,,2023-08-01,,HOU,CLE,2,,R,-1.5,8.5,4.8,4500,4.0,10.0,18.0,7.2,1.60
Brendan,Rodgers,2B,,2023-08-01,,COL,SD,5,,R,+1.5,12.5,5.4,2600,2.0,8.2,17.0,7.2,2.77
Edward,Olivares,OF,,2023-08-01,,KC,NYM,4,,R,+1.5,10,4.5,2600,0.0,5.2,9.0,7.2,2.77
Jordan,Walker,OF,,2023-08-01,,STL,MIN,6,,R,+1.5,8.5,4.1,2800,0.0,3.4,10.0,7.2,2.57
Joc,Pederson,OF,,2023-08-01,,SF,ARI,2,,L,-1.5,7.5,3.8,3600,0.0,4.6,16.0,7.2,2.00
Gleyber,Torres,2B,,2023-08-01,,NYY,TB,1,,R,+1.5,8,4,4800,0.0,2.0,5.0,7.2,1.50
Seiya,Suzuki,OF,,2023-08-01,,CHC,CIN,5,,R,-1.5,8.5,4.7,3200,0.0,4.0,7.0,7.2,2.25
Isaac,Paredes,3B,,2023-08-01,,TB,NYY,5,,R,-1.5,8,4,3700,0.0,11.4,32.0,7.2,1.95
Henry,Davis,OF,,2023-08-01,,PIT,DET,4,,R,-1.5,9,4.7,2900,0.0,2.6,7.0,7.2,2.48
Jake,Bauers,OF,,2023-08-01,,NYY,TB,6,,L,+1.5,8,4,2300,0.0,9.0,21.0,7.1,3.09
Adam,Duvall,OF,,2023-08-01,,BOS,SEA,5,,R,+1.5,8,3.9,4500,0.0,8.4,16.0,7.1,1.58
Ezequiel,Duran,SS,,2023-08-01,,TEX,CWS,8,,R,-1.5,9,5.3,3700,0.0,6.2,14.0,7.1,1.92
J.D.,Davis,3B,,2023-08-01,,SF,ARI,3,,R,-1.5,7.5,3.8,4100,0.0,8.0,19.0,7.1,1.73
Tyler,Soderstrom,1B,,2023-08-01,,OAK,LAD,8,,L,,,,2900,2.0,5.4,12.0,7.1,2.45
Orlando,Arcia,SS,,2023-08-01,,ATL,LAA,7,,R,-1.5,9,5.5,4400,0.0,6.0,13.0,7.1,1.61
Brice,Turang,2B,,2023-08-01,,MIL,WAS,8,,L,-1.5,8.5,4.7,3000,0.0,5.0,8.0,7.1,2.37
Yan,Gomes,C,,2023-08-01,,CHC,CIN,8,,R,-1.5,8.5,4.7,3300,5.0,11.6,16.0,7.1,2.15
Josh,Bell,1B,,2023-08-01,,CLE,HOU,5,,S,+1.5,8.5,3.7,2800,0.0,2.4,5.0,7.0,2.50
Joey,Meneses,1B,,2023-08-01,,WAS,MIL,3,,R,+1.5,8.5,3.8,3600,0.0,9.2,26.0,7.0,1.94
Giancarlo,Stanton,OF,,2023-08-01,,NYY,TB,4,,R,+1.5,8,4,4900,0.0,5.2,19.0,7.0,1.43
Joey,Votto,1B,,2023-08-01,,CIN,CHC,6,,L,+1.5,8.5,3.8,4400,0.0,8.6,23.0,7.0,1.59
Akil,Baddoo,OF,,2023-08-01,,DET,PIT,8,,L,+1.5,9,4.3,2300,0.0,4.2,18.0,7.0,3.04
Brett,Baty,3B,,2023-08-01,,NYM,KC,7,,L,-1.5,10,5.5,2500,0.0,3.8,5.0,7.0,2.80
Teoscar,Hernandez,OF,,2023-08-01,,SEA,BOS,5,,R,-1.5,8,4.1,3400,3.0,4.6,6.0,7.0,2.06
Lourdes,Gurriel Jr.,OF,,2023-08-01,,ARI,SF,5,,R,+1.5,7.5,3.8,3900,0.0,2.6,10.0,7.0,1.79
Tyler,O'Neill,OF,,2023-08-01,,STL,MIN,8,,R,+1.5,8.5,4.1,3500,0.0,6.6,13.0,7.0,2.00
Kevin,Kiermaier,OF,,2023-08-01,,TOR,BAL,9,,L,-1.5,8.5,4.3,2800,3.0,6.2,11.0,6.9,2.46
Michael,Harris II,OF,,2023-08-01,,ATL,LAA,9,,L,-1.5,9,5.5,4500,0.0,3.2,7.0,6.9,1.53
Jeimer,Candelario,3B,,2023-08-01,,WAS,MIL,,,S,+1.5,8.5,3.8,3900,0.0,8.2,18.0,6.9,1.77
Michael,Toglia,1B,,2023-08-01,,COL,SD,6,,S,+1.5,12.5,5.4,2700,0.0,6.0,16.0,6.9,2.56
Daulton,Varsho,OF,,2023-08-01,,TOR,BAL,7,,L,-1.5,8.5,4.3,3400,0.0,4.6,12.0,6.9,2.03
Manuel,Margot,OF,,2023-08-01,,TB,NYY,7,,R,-1.5,8,4,2200,0.0,3.4,5.0,6.9,3.14
Matt,Vierling,OF,,2023-08-01,,DET,PIT,5,,R,+1.5,9,4.3,3300,2.0,5.2,10.0,6.9,2.09
Keibert,Ruiz,C,,2023-08-01,,WAS,MIL,4,,S,+1.5,8.5,3.8,3700,0.0,2.8,5.0,6.9,1.86
Alex,Verdugo,OF,,2023-08-01,,BOS,SEA,7,,L,+1.5,8,3.9,3900,0.0,2.8,5.0,6.8,1.74
Joey,Gallo,OF,,2023-08-01,,MIN,STL,8,,L,-1.5,8.5,4.5,3000,0.0,2.4,9.0,6.8,2.27
Endy,Rodriguez,C,,2023-08-01,,PIT,DET,6,,S,-1.5,9,4.7,2100,0.0,6.2,25.0,6.8,3.24
Willson,Contreras,C,,2023-08-01,,STL,MIN,5,,R,+1.5,8.5,4.1,3800,4.0,5.8,9.0,6.8,1.79
Dairon,Blanco,OF,,2023-08-01,,KC,NYM,9,,R,+1.5,10,4.5,2100,0.0,3.4,7.0,6.8,3.24
Eugenio,Suarez,3B,,2023-08-01,,SEA,BOS,3,,R,-1.5,8,4.1,3300,2.0,5.4,8.0,6.8,2.06
Kevin,Pillar,OF,,2023-08-01,,ATL,LAA,8,,R,-1.5,9,5.5,2100,0.0,2.4,9.0,6.8,3.24
Javier,Baez,SS,,2023-08-01,,DET,PIT,6,,R,+1.5,9,4.3,4300,0.0,7.4,17.0,6.8,1.58
Steven,Kwan,OF,,2023-08-01,,CLE,HOU,1,,L,+1.5,8.5,3.7,4400,2.0,10.8,21.0,6.8,1.55
DJ,Stewart,OF,,2023-08-01,,NYM,KC,9,,L,-1.5,10,5.5,2000,0.0,4.6,14.0,6.8,3.40
Anthony,Rizzo,1B,,2023-08-01,,NYY,TB,3,,L,+1.5,8,4,3900,0.0,3.0,9.0,6.7,1.72
Emmanuel,Rivera,3B,,2023-08-01,,ARI,SF,6,,R,+1.5,7.5,3.8,2900,3.0,7.2,14.0,6.7,2.31
Joey,Wiemer,OF,,2023-08-01,,MIL,WAS,9,,R,-1.5,8.5,4.7,2400,3.0,7.2,14.0,6.7,2.79
Jose,Siri,OF,,2023-08-01,,TB,NYY,6,,R,-1.5,8,4,3500,0.0,3.4,7.0,6.7,1.91
Triston,Casas,1B,,2023-08-01,,BOS,SEA,6,,L,+1.5,8,3.9,3200,0.0,9.6,21.0,6.7,2.09
Drew,Waters,OF,,2023-08-01,,KC,NYM,5,,S,+1.5,10,4.5,2200,2.0,6.6,19.0,6.6,3.00
Harrison,Bader,OF,,2023-08-01,,NYY,TB,7,,R,+1.5,8,4,3300,0.0,7.0,15.0,6.6,2.00
Liover,Peguero,SS,,2023-08-01,,PIT,DET,9,,R,-1.5,9,4.7,2300,2.0,11.2,22.0,6.6,2.87
Anthony,Volpe,SS,,2023-08-01,,NYY,TB,8,,R,+1.5,8,4,3000,0.0,4.8,7.0,6.6,2.20
Kolten,Wong,2B,,2023-08-01,,SEA,BOS,9,,L,-1.5,8,4.1,2600,0.0,3.0,5.0,6.6,2.54
Cade,Marlowe,OF,,2023-08-01,,SEA,BOS,8,,L,-1.5,8,4.1,2700,2.0,10.2,28.0,6.5,2.41
Kevin,Newman,1B,,2023-08-01,,CIN,CHC,1,,R,+1.5,8.5,3.8,2900,2.0,5.2,7.0,6.5,2.24
Nick,Senzel,OF,,2023-08-01,,CIN,CHC,7,,R,+1.5,8.5,3.8,3200,0.0,6.2,16.0,6.5,2.03
Michael,Conforto,OF,,2023-08-01,,SF,ARI,4,,L,-1.5,7.5,3.8,3700,0.0,5.4,11.0,6.5,1.76
Dominic,Canzone,OF,,2023-08-01,,ARI,SF,,,L,+1.5,7.5,3.8,2400,0.0,7.2,14.0,6.5,2.71
Hunter,Renfroe,OF,,2023-08-01,,LAA,ATL,5,,R,+1.5,9,3.5,4000,2.0,12.0,24.0,6.4,1.60
Matt,Duffy,1B,,2023-08-01,,KC,NYM,8,,R,+1.5,10,4.5,2000,0.0,4.2,7.0,6.4,3.20
Ramon,Urias,2B,,2023-08-01,,BAL,TOR,7,,R,+1.5,8.5,4.2,2200,3.0,3.4,5.0,6.4,2.91
Jorge,Mateo,SS,,2023-08-01,,BAL,TOR,9,,R,+1.5,8.5,4.2,2600,0.0,2.6,8.0,6.4,2.46
LaMonte,Wade Jr.,1B,,2023-08-01,,SF,ARI,1,,L,-1.5,7.5,3.8,3500,0.0,1.8,4.0,6.4,1.83
Jose,Abreu,1B,,2023-08-01,,HOU,CLE,6,,R,-1.5,8.5,4.8,3700,0.0,9.6,30.0,6.3,1.70
Luis,Rengifo,2B,,2023-08-01,,LAA,ATL,1,,S,+1.5,9,3.5,3500,2.0,9.6,19.0,6.3,1.80
Austin,Slater,OF,,2023-08-01,,SF,ARI,8,,R,-1.5,7.5,3.8,3400,0.0,5.4,16.0,6.3,1.85
Jared,Triolo,3B,,2023-08-01,,PIT,DET,7,,R,-1.5,9,4.7,2400,0.0,3.8,10.0,6.3,2.63
Robbie,Grossman,OF,,2023-08-01,,TEX,CWS,6,,S,-1.5,9,5.3,2600,0.0,5.6,17.0,6.3,2.42
Nick,Gonzales,2B,,2023-08-01,,PIT,DET,8,,R,-1.5,9,4.7,2500,0.0,1.8,4.0,6.3,2.52
Christian,Encarnacion-Strand,1B,,2023-08-01,,CIN,CHC,3,,R,+1.5,8.5,3.8,3400,0.0,3.8,12.0,6.2,1.82
Corey,Julks,OF,,2023-08-01,,HOU,CLE,8,,R,-1.5,8.5,4.8,2700,0.0,0.4,2.0,6.2,2.30
Alek,Thomas,OF,,2023-08-01,,ARI,SF,9,,L,+1.5,7.5,3.8,2600,0.0,4.0,13.0,6.2,2.38
Tommy,Edman,2B,,2023-08-01,,STL,MIN,9,,S,+1.5,8.5,4.1,3300,0.0,6.4,12.0,6.2,1.88
Mickey,Moniak,OF,,2023-08-01,,LAA,ATL,4,,L,+1.5,9,3.5,5400,0.0,4.0,8.0,6.2,1.15
Luis,Garcia,2B,,2023-08-01,,WAS,MIL,7,,L,+1.5,8.5,3.8,3200,0.0,7.4,22.0,6.2,1.94
Jake,Rogers,C,,2023-08-01,,DET,PIT,9,,R,+1.5,9,4.3,4100,0.0,7.6,21.0,6.1,1.49
Dominic,Smith,1B,,2023-08-01,,WAS,MIL,5,,L,+1.5,8.5,3.8,2600,2.0,4.2,7.0,6.1,2.35
Tyler,Stephenson,C,,2023-08-01,,CIN,CHC,8,,R,+1.5,8.5,3.8,3700,0.0,3.2,8.0,6.1,1.65
Luis,Matos,OF,,2023-08-01,,SF,ARI,5,,R,-1.5,7.5,3.8,2700,0.0,5.2,10.0,6.1,2.26
Ty,France,1B,,2023-08-01,,SEA,BOS,7,,R,-1.5,8,4.1,2800,0.0,4.8,11.0,6.0,2.14
DJ,LeMahieu,1B,,2023-08-01,,NYY,TB,5,,R,+1.5,8,4,3100,0.0,5.0,8.0,6.0,1.94
Alex,Call,OF,,2023-08-01,,WAS,MIL,9,,R,+1.5,8.5,3.8,2700,0.0,5.0,9.0,6.0,2.22
Corey,Dickerson,OF,,2023-08-01,,WAS,MIL,6,,L,+1.5,8.5,3.8,2200,0.0,2.6,7.0,5.9,2.68
Christian,Vazquez,C,,2023-08-01,,MIN,STL,9,,R,-1.5,8.5,4.5,2900,0.0,6.8,22.0,5.8,2.00
Marco,Luciano,SS,,2023-08-01,,SF,ARI,7,,R,-1.5,7.5,3.8,2900,0.0,4.3,10.0,5.8,2.00
Vidal,Brujan,2B,,2023-08-01,,TB,NYY,9,,S,-1.5,8,4,2000,0.0,2.6,9.0,5.8,2.90
Mike,Moustakas,1B,,2023-08-01,,LAA,ATL,6,,L,+1.5,9,3.5,3200,3.0,6.2,10.0,5.8,1.81
Yu,Chang,SS,,2023-08-01,,BOS,SEA,9,,R,+1.5,8,3.9,2100,0.0,0.4,2.0,5.8,2.76
Christian,Bethancourt,C,,2023-08-01,,TB,NYY,,,R,-1.5,8,4,2800,0.0,1.4,5.0,5.8,2.07
Paul,DeJong,SS,,2023-08-01,,STL,MIN,9,,R,+1.5,8.5,4.1,2700,0.0,3.0,12.0,5.8,2.15
Connor,Wong,C,,2023-08-01,,BOS,SEA,8,,R,+1.5,8,3.9,2300,0.0,4.0,8.0,5.7,2.48
Mike,Ford,1B,,2023-08-01,,SEA,BOS,6,,L,-1.5,8,4.1,2600,0.0,1.8,7.0,5.7,2.19
Aledmys,Diaz,3B,,2023-08-01,,OAK,LAD,6,,R,,,,2800,0.0,2.8,5.0,5.7,2.04
Miguel,Rojas,SS,,2023-08-01,,LAD,OAK,,,R,,,,2500,0.0,2.6,8.0,5.7,2.28
Zack,Short,2B,,2023-08-01,,DET,PIT,,,R,+1.5,9,4.3,2200,2.0,5.4,12.0,5.6,2.55
Kyle,Higashioka,C,,2023-08-01,,NYY,TB,9,,R,+1.5,8,4,2500,0.0,5.8,22.0,5.6,2.24
Oscar,Gonzalez,OF,,2023-08-01,,CLE,HOU,7,,R,+1.5,8.5,3.7,2400,3.0,3.6,5.0,5.6,2.33
Patrick,Bailey,C,,2023-08-01,,SF,ARI,6,,S,-1.5,7.5,3.8,3500,0.0,4.8,9.0,5.5,1.57
Kike,Hernandez,2B,,2023-08-01,,LAD,OAK,,,R,,,,2900,0.0,4.0,6.0,5.5,1.90
Zach,Neto,SS,,2023-08-01,,LAA,ATL,8,,R,+1.5,9,3.5,2800,0.0,8.0,14.0,5.4,1.93
Ildemaro,Vargas,3B,,2023-08-01,,WAS,MIL,8,,S,+1.5,8.5,3.8,2300,0.0,2.4,5.0,5.4,2.35
Oscar,Colas,OF,,2023-08-01,,CWS,TEX,9,,L,+1.5,9,3.7,2100,2.0,5.0,10.0,5.4,2.57
Gabriel,Arias,OF,,2023-08-01,,CLE,HOU,,,R,+1.5,8.5,3.7,2400,0.0,7.8,13.0,5.3,2.21
Casey,Schmitt,2B,,2023-08-01,,SF,ARI,9,,R,-1.5,7.5,3.8,2400,0.0,4.4,9.0,5.3,2.21
Carson,Kelly,C,,2023-08-01,,ARI,SF,8,,R,+1.5,7.5,3.8,2800,0.0,1.6,5.0,5.2,1.86
Colton,Cowser,OF,,2023-08-01,,BAL,TOR,6,,L,+1.5,8.5,4.2,2400,0.0,2.2,7.0,5.2,2.17
Martin,Maldonado,C,,2023-08-01,,HOU,CLE,9,,R,-1.5,8.5,4.8,2300,0.0,5.0,19.0,5.2,2.26
Myles,Straw,OF,,2023-08-01,,CLE,HOU,8,,R,+1.5,8.5,3.7,2100,0.0,1.4,5.0,5.1,2.43
Matt,Thaiss,C,,2023-08-01,,LAA,ATL,9,,L,+1.5,9,3.5,3600,0.0,3.2,10.0,4.9,1.36
Nick,Allen,SS,,2023-08-01,,OAK,LAD,9,,R,,,,2400,0.0,3.8,17.0,4.0,1.67
Mark,Canha,OF,,2023-08-01,,NYM,KC,,,R,-1.5,10,5.5,2700,2.0,6.0,10.0,3.6,1.33
C.J.,Cron,1B,,2023-08-01,,COL,SD,,,R,+1.5,12.5,5.4,5000,3.0,8.4,19.0,3.5,0.70
Ji Man,Choi,1B,,2023-08-01,,PIT,DET,5,,L,-1.5,9,4.7,2600,0.0,6.2,14.0,3.4,1.31
Randal,Grichuk,OF,,2023-08-01,,COL,SD,,,R,+1.5,12.5,5.4,5000,0.0,10.0,20.0,3.1,0.62
Matt,Carpenter,1B,,2023-08-01,,SD,COL,,,L,-1.5,12.5,7.1,3000,0.0,2.6,7.0,1.4,0.47
Yainer,Diaz,C,,2023-08-01,,HOU,CLE,,,R,-1.5,8.5,4.8,3800,0.0,10.6,25.0,1.2,0.32
Alan,Trejo,2B,,2023-08-01,,COL,SD,,,R,+1.5,12.5,5.4,3200,0.0,1.0,5.0,1.2,0.38
Will,Benson,OF,,2023-08-01,,CIN,CHC,,,L,+1.5,8.5,3.8,3500,0.0,5.6,17.0,1.2,0.34
Zach,Remillard,2B,,2023-08-01,,CWS,TEX,,,R,+1.5,9,3.7,2600,0.0,8.0,21.0,1.2,0.46
Brandon,Lowe,2B,,2023-08-01,,TB,NYY,,,L,-1.5,8,4,4500,2.0,15.0,28.0,1.2,0.27
Alejandro,Kirk,C,,2023-08-01,,TOR,BAL,,,R,-1.5,8.5,4.3,3000,2.0,11.2,35.0,1.2,0.40
Danny,Mendick,2B,,2023-08-01,,NYM,KC,,,R,-1.5,10,5.5,2900,0.0,3.4,8.0,1.2,0.41
Brent,Rooker,OF,,2023-08-01,,OAK,LAD,,,R,,,,3300,0.0,8.2,25.0,1.2,0.36
Kyle,Isbel,OF,,2023-08-01,,KC,NYM,,,L,+1.5,10,4.5,2400,0.0,11.2,22.0,1.2,0.50
Abraham,Toro,1B,,2023-08-01,,MIL,WAS,,,S,-1.5,8.5,4.7,2800,4.0,9.4,26.0,1.2,0.43
Austin,Barnes,C,,2023-08-01,,LAD,OAK,,,R,,,,2500,0.0,2.2,5.0,1.2,0.48
David,Peralta,OF,,2023-08-01,,LAD,OAK,,,L,,,,3100,0.0,2.4,10.0,1.1,0.35
Donovan,Solano,1B,,2023-08-01,,MIN,STL,,,R,-1.5,8.5,4.5,2700,0.0,1.8,3.0,1.1,0.41
Trey,Mancini,1B,,2023-08-01,,CHC,CIN,,,R,-1.5,8.5,4.7,2300,0.0,2.8,7.0,1.1,0.48
Tom,Murphy,C,,2023-08-01,,SEA,BOS,,,R,-1.5,8,4.1,2400,3.0,11.4,19.0,1.1,0.46
Seby,Zavala,C,,2023-08-01,,CWS,TEX,,,R,+1.5,9,3.7,2300,0.0,1.4,3.0,1.1,0.48
Stuart,Fairchild,OF,,2023-08-01,,CIN,CHC,,,R,+1.5,8.5,3.8,2300,0.0,6.0,16.0,1.1,0.48
Eddie,Rosario,OF,,2023-08-01,,ATL,LAA,,,L,-1.5,9,5.5,4000,0.0,6.0,16.0,1.1,0.28
Blake,Sabol,C,,2023-08-01,,SF,ARI,,,L,-1.5,7.5,3.8,4000,0.0,2.0,7.0,1.1,0.28
Victor,Caratini,C,,2023-08-01,,MIL,WAS,,,S,-1.5,8.5,4.7,2500,0.0,4.0,8.0,1.1,0.44
Jason,Heyward,OF,,2023-08-01,,LAD,OAK,,,L,,,,2800,0.0,4.8,19.0,1.1,0.39
Wilmer,Flores,1B,,2023-08-01,,SF,ARI,,,R,-1.5,7.5,3.8,3600,3.0,9.0,14.0,1.1,0.31
Michael,Massey,2B,,2023-08-01,,KC,NYM,,,L,+1.5,10,4.5,2300,0.0,8.8,17.0,1.1,0.48
Ryan,Jeffers,C,,2023-08-01,,MIN,STL,,,R,-1.5,8.5,4.5,2300,3.0,11.0,15.0,1.1,0.48
Luke,Raley,1B,,2023-08-01,,TB,NYY,,,L,-1.5,8,4,4200,2.0,7.6,12.0,1.1,0.26
Josh,Lowe,OF,,2023-08-01,,TB,NYY,,,L,-1.5,8,4,4400,0.0,9.8,16.0,1.1,0.25
James,McCann,C,,2023-08-01,,BAL,TOR,,,R,+1.5,8.5,4.2,2500,3.0,6.6,11.0,1.1,0.44
Ryan,McKenna,OF,,2023-08-01,,BAL,TOR,,,R,+1.5,8.5,4.2,2100,2.0,7.4,16.0,1.0,0.48
Andrew,Velazquez,SS,,2023-08-01,,LAA,ATL,,,S,+1.5,9,3.5,2300,0.0,0.4,2.0,1.0,0.43
Santiago,Espinal,2B,,2023-08-01,,TOR,BAL,,,R,-1.5,8.5,4.3,2500,0.0,5.4,16.0,1.0,0.40
Bo,Naylor,C,,2023-08-01,,CLE,HOU,,,L,+1.5,8.5,3.7,2700,0.0,10.4,30.0,1.0,0.37
Eduardo,Escobar,1B,,2023-08-01,,LAA,ATL,,,S,+1.5,9,3.5,2900,0.0,6.2,18.0,1.0,0.34
Brandon,Crawford,SS,,2023-08-01,,SF,ARI,,,L,-1.5,7.5,3.8,2300,0.0,3.8,7.0,1.0,0.43
Jake,Fraley,OF,,2023-08-01,,CIN,CHC,,,L,+1.5,8.5,3.8,4800,0.0,9.6,20.0,1.0,0.21
Ryan,O'Hearn,1B,,2023-08-01,,BAL,TOR,,,L,+1.5,8.5,4.2,3000,0.0,5.8,16.0,1.0,0.33
Adam,Frazier,2B,,2023-08-01,,BAL,TOR,,,L,+1.5,8.5,4.2,3100,0.0,8.0,18.0,1.0,0.32
Miguel,Cabrera,1B,,2023-08-01,,DET,PIT,,,R,+1.5,9,4.3,2100,2.0,5.8,11.0,0.9,0.43
Tucker,Barnhart,C,,2023-08-01,,CHC,CIN,,,L,-1.5,8.5,4.7,2400,0.0,5.6,12.0,0.9,0.38
Josh,Smith,OF,,2023-08-01,,TEX,CWS,,,,-1.5,9,5.3,2200,,,,0.9,0.41
Will,Brennan,OF,,2023-08-01,,CLE,HOU,,,L,+1.5,8.5,3.7,2600,3.0,5.2,10.0,0.8,0.31
Chad,Wallach,C,,2023-08-01,,LAA,ATL,,,R,+1.5,9,3.5,2500,0.0,6.2,24.0,0.7,0.28
Taylor,Motter,2B,,2023-08-01,,STL,MIN,,,R,+1.5,8.5,4.1,2000,0.0,2.8,5.0,0.5,0.25
